,Datetime,Tweet Id,Text
0,2020-06-28 21:37:39,1277355504633810949,"FOOD RECALL: Fresh Express recalled products with iceberg lettuce, carrots, and red cabbage due to Cyclospora. Prod‚Ä¶ https://t.co/mi3qsBhvXz"
1,2020-06-28 16:00:00,1277270535060123649,"Protect yourself and your family from #sepsis. If you have these signs and symptoms, get medical care immediately.‚Ä¶ https://t.co/qpMq12ySHu"
2,2020-06-27 16:22:01,1276913687798964230,"New tips released for institutes of higher education to help you prepare when students, faculty, staff or administr‚Ä¶ https://t.co/IFRvfjiFY9"
3,2020-06-27 15:10:00,1276895562151927808,Today is National #HIVTestingDay. Share what knowing your HIV status means to you. Your words can empower others to‚Ä¶ https://t.co/zca8CeypK5
4,2020-06-26 21:34:01,1276629817807511558,FOOD RECALL: Marketside Brand 12-oz and 24-oz bagged Classic Iceberg Salad recalled for Cyclospora contamination. U‚Ä¶ https://t.co/CIsd5CBfID
5,2020-06-26 21:06:19,1276622846807224321,The latest CDC #COVIDView shows indicators used to track #COVID19 illness are rising (% of ppl testing positive &amp; s‚Ä¶ https://t.co/yYILTvi9Ki
6,2020-06-26 20:30:15,1276613768844390400,"Dust storms can make you feel sick. If you have asthma, COPD, or another breathing illness, you are especially at r‚Ä¶ https://t.co/z233UF8Ie8"
7,2020-06-26 19:45:00,1276602380251889664,Protect yourself &amp; others from #COVID19 while camping. Wear a cloth face covering in public places like restrooms &amp;‚Ä¶ https://t.co/54acMyi2BG
8,2020-06-26 18:24:02,1276582003756933121,"HCPs: If you have patients who recently graduated, talk with them and their parents about their changing healthcare‚Ä¶ https://t.co/rtNeKGgfTd"
9,2020-06-26 17:38:00,1276570419777150983,"If you think or know you have #COVID19 and had symptoms, stay home and away from other people. Learn more about CDC‚Ä¶ https://t.co/pHHgZtSLml"
10,2020-06-26 17:01:09,1276561145957146625,"A @CDCMMWR study found infrequent #HIV testing for men and non-pregnant women at visits to physician offices, commu‚Ä¶ https://t.co/JthTTMFZZt"
11,2020-06-26 16:06:06,1276547291713884166,Effective mosquito control can help protect you from #WestNile virus. Take steps to control mosquitoes around your‚Ä¶ https://t.co/5mcZkgVCyC
12,2020-06-26 15:26:02,1276537210163036162,Are you or a loved one living with underlying medical conditions ‚Äì or taking care of someone who is? Learn how you‚Ä¶ https://t.co/L29ATZmRsU
13,2020-06-26 14:20:02,1276520601218355201,"RT @CDC_HIVAIDS: Under the Ending the #HIV Epidemic initiative, state and local health departments are developing local, tailored #HIV plan‚Ä¶"
14,2020-06-26 13:35:01,1276509273061818368,"RT @CDCEnvironment: If you are in the path of a #wildfire, pay attention to local weather forecasts and always listen to instructions from‚Ä¶"
15,2020-06-26 13:02:01,1276500967832334338,RT @CDCGlobal: The #COVID19 pandemic is impacting the fight for an AIDS-free generation. @CDCgov and @PEPFAR remain dedicated to both respo‚Ä¶
16,2020-06-26 12:40:01,1276495431065833475,RT @CDCInjury: This #NationalSafetyMonth we‚Äôre highlighting the importance of #MentalHealth. If you or a loved one are dealing with stress‚Ä¶
17,2020-06-26 12:15:02,1276489141950328835,RT @CDCEnvironment: CDC develops and performs unique #laboratory tests to assess chemical exposure in humans during a public health #emerge‚Ä¶
18,2020-06-25 23:39:00,1276298882436288515,RT @NIOSH: Farm owners and operators can help slow the spread of #COVID19. New @CDCgov and @USDOL guidance is available to help farm owners‚Ä¶
19,2020-06-25 22:07:01,1276275732252110848,RT @Surgeon_General: #DYK: #Handwashing remains one of the best ways to prevent the spread of viruses like #COVID19. Here are 5Ô∏è‚É£ things to‚Ä¶
20,2020-06-25 21:47:01,1276270701847162880,"As of June 22, forecasts suggest 13 states are likely to report more #COVID19 deaths in the next 4 weeks than the p‚Ä¶ https://t.co/xEJsnwn2MC"
21,2020-06-25 21:19:17,1276263722428895232,CDC is proud to have been part of the global effort to end this outbreak and remains committed to supporting‚Ä¶ https://t.co/V9y2w6rULN
22,2020-06-25 21:19:17,1276263720155561992,"It is critical to maintain surveillance, infection prevention, and rapid response capacity to quickly detect and re‚Ä¶ https://t.co/oN5qMbGw8p"
23,2020-06-25 21:19:16,1276263717693513730,Today marks 42 days--or 2 incubation periods--after the last survivor in the eastern DRC #Ebola outbreak tested neg‚Ä¶ https://t.co/R86wQACtBg
24,2020-06-25 21:15:02,1276262650343755778,RT @HHSGov: You can continue to make your health a priority during #coronavirus by following @Surgeon_General Jerome Adams‚Äô advice to avoid‚Ä¶
25,2020-06-25 20:44:34,1276254982782832644,"Eight patients in CA were hospitalized in April 2020 with e-cigarette, or vaping, product use-associated lung injur‚Ä¶ https://t.co/g3WZIQvDo8"
26,2020-06-25 19:53:02,1276242015181836289,"Over 110,000 patients need a lifesaving organ #transplant. The U.S. Public Health Service has new guidance to incre‚Ä¶ https://t.co/bZQrFpuzCR"
27,2020-06-25 19:23:02,1276234464851628032,"Did you know? Among adults, the risk of severe illness from #COVID19 increases with age. Learn steps to reduce your‚Ä¶ https://t.co/dG1T7ULrxn"
28,2020-06-25 18:39:02,1276223390429241344,CDC updates &amp; expands list of those at risk of severe #COVID19 illness. Older adults &amp; people w/ underlying medical‚Ä¶ https://t.co/65Ld529vo4
29,2020-06-25 17:06:40,1276200148260065282,Pregnant women may be at an increased risk for severe illness from #COVID19 compared to nonpregnant women. Learn mo‚Ä¶ https://t.co/AF6OVukeut
30,2020-06-25 15:34:02,1276176834258968576,#Didyouknow your child can get free #vaccines? The Vaccines for Children (VFC) program provides free vaccines to el‚Ä¶ https://t.co/aSx1JnprUM
31,2020-06-24 21:50:02,1275909072131362817,"As of June 23: More than 2.3 million #COVID19 cases have been reported in the U.S., with 40 states and jurisdiction‚Ä¶ https://t.co/ByVEC5n4Om"
32,2020-06-24 21:30:10,1275904071581470720,"Outbreak Update: 465 people now sick in 42 states, including one person who died, from Salmonella linked to backyar‚Ä¶ https://t.co/7O5O8VmfDX"
33,2020-06-24 20:50:03,1275893976432873472,"Institutes of Higher Education: Use CDC‚Äôs new tips for maintaining healthy operations during the #COVID19 outbreak,‚Ä¶ https://t.co/sRtOxzPi72"
34,2020-06-24 18:52:02,1275864276457132039,"This #PrideMonth, celebrate who you are and make a commitment to quit smoking or help someone you care about quit.‚Ä¶ https://t.co/Le792y8hsk"
35,2020-06-24 18:03:03,1275851949313843201,#HCP: Protect yourselves and others from #COVID19 by safely putting on and taking off disposable respirators. Learn‚Ä¶ https://t.co/j06fFRhXH7
36,2020-06-24 17:14:11,1275839651794862081,Contact tracing is used by health departments to prevent the spread of infectious disease. Learn more in CDC‚Äôs FAQ‚Ä¶ https://t.co/QIM8zmYBzT
37,2020-06-24 17:14:11,1275839650372947970,Spread of the virus that causes #COVID19 during and after a college spring break trip to Mexico led to an outbreak‚Ä¶ https://t.co/mnYV3SsdtL
38,2020-06-24 15:41:02,1275816209271881728,Please join CDC Emergency Partners Information Connection (EPIC) today at 4 pm ET for a special webinar about reduc‚Ä¶ https://t.co/aWpRISHNg1
39,2020-06-24 13:49:00,1275788017190555648,"RT @CDCGlobal: Refugees face unique challenges upon resettlement in the US, including a higher risk of contracting #COVID19. Learn more abo‚Ä¶"
40,2020-06-24 12:58:01,1275775183089958912,RT @HHSGov: Are you in a high-risk #tornado zone üå™? Know the risk for where you live and take these steps to prepare for the possibility of‚Ä¶
41,2020-06-23 23:38:00,1275573855453659140,"RT @CDC_TB: Clinicians: During public health emergencies, provide contact numbers of #TB program personnel to patients with TB disease. Rea‚Ä¶"
42,2020-06-23 23:19:01,1275569074748231680,RT @CDC_HIVAIDS: CDC has posted guidance on flexibilities available to applicants &amp; recipients of federal funding who are affected by #COVI‚Ä¶
43,2020-06-23 22:43:01,1275560015315812352,"RT @CDCDiabetes: Meal planning doesn‚Äôt just happen when you‚Äôre cooking. 

Creating a shopping list can help you stick to your plan, keep an‚Ä¶"
44,2020-06-23 22:19:01,1275553976721833984,RT @CDCEnvironment: Temperatures are heating up! Learn how to prevent heat-related illnesses. Stay cool. Stay hydrated. Stay informed. http‚Ä¶
45,2020-06-23 21:59:00,1275548941166292995,RT @CDCGlobal: Healthcare workers: Join @CDCgov on 6/25 Thursday at 8am EDT for the latest #COVID19 Infection and Prevention Control Global‚Ä¶
46,2020-06-23 21:17:04,1275538385831108610,FOOD RECALL: 3 bagged salads recalled for Cyclospora contamination. 122 people sick in 7 Midwest states. Salads wer‚Ä¶ https://t.co/adXXzsAlg1
47,2020-06-23 20:30:09,1275526579444240394,"CDC Emergency Partners Information Connection (EPIC) Webinar, June 24 at 4 pm ET: Your COVID-19 Questions Answered‚Äî‚Ä¶ https://t.co/Pk4prB6Jek"
48,2020-06-23 20:05:02,1275520257810149376,"RT @Surgeon_General: As states &amp; communities re-open and you ‚¨ÜÔ∏è your activities, remember these basic #PublicHealth recommendations:

‚ñ™Ô∏è Fo‚Ä¶"
49,2020-06-23 18:44:01,1275499872062443521,"Parents: Newborn visits should be done in person to measure your baby‚Äôs growth, check for jaundice, and make sure n‚Ä¶ https://t.co/XXRYuwLFBN"
50,2020-06-23 17:58:02,1275488298333614080,New info for caregivers and parents of people with developmental or behavioral disorders to help you protect yourse‚Ä¶ https://t.co/Qt0VoHNkgl
51,2020-06-23 16:35:04,1275467418786304000,RT @HHSGov: Keep #coronavirus out of your home by regularly disinfecting items and high-touch surfaces in your household. @Surgeon_General‚Ä¶
52,2020-06-23 15:00:27,1275443608363995141,"Please join us remotely for #CDCGrandRounds, ‚ÄúSmoking Cessation: Past, Present, and Future,‚Äù today, at 1:00 p.m. (E‚Ä¶ https://t.co/jahX97D3fo"
53,2020-06-22 20:30:13,1275164207424704529,Youth and summer camp administrators: CDC has tips to help you be prepared if staff or campers get sick with‚Ä¶ https://t.co/kJOlRj5IPg
54,2020-06-22 19:35:02,1275150322437107721,#HCP: Protect yourself and others from #COVID19 by following these facemask do‚Äôs and don‚Äôts. Learn more:‚Ä¶ https://t.co/M7Xumtj21Y
55,2020-06-22 19:04:00,1275142511137370113,"It‚Äôs #NationalMosquitoWeek, but you can control mosquitoes all summer long. Learn how to control #mosquitoes around‚Ä¶ https://t.co/i50NSMQtxo"
56,2020-06-22 18:25:02,1275132704837812226,Laboratory professionals: Use new handy features to tailor search results on CDC‚Äôs Laboratory Training website. Lea‚Ä¶ https://t.co/jITuVB77mp
57,2020-06-22 17:10:03,1275113837486837760,"After #COVID19 was declared a national emergency, emergency dept visits for life-threatening conditions declined. I‚Ä¶ https://t.co/pjA4O2uCAr"
58,2020-06-22 16:34:02,1275104771985362944,June is National Cytomegalovirus (CMV) Awareness Month. CMV is the most common infectious cause of birth defects. P‚Ä¶ https://t.co/dMEr08akBQ
59,2020-06-22 15:30:11,1275088703334080513,"This week‚Äôs COVIDView reports early indications that levels of #COVID19 illnesses, while still low, may be increasi‚Ä¶ https://t.co/y7dvjotopW"
60,2020-06-21 20:18:01,1274798751454986241,"Feeling sick? Answer a few questions about your symptoms using Clara, CDC‚Äôs #Coronavirus Self-Checker, to help you‚Ä¶ https://t.co/70PYHE6KxV"
61,2020-06-21 16:26:01,1274740365405442048,"This Father‚Äôs Day, encourage the men you love to make their health a priority. https://t.co/aVnWnWIY51 https://t.co/AMKTMhH0lU"
62,2020-06-20 19:29:01,1274424033803743237,Restaurant and bar owners: Have you planned what to do if a staff member gets sick with #COVID19? CDC offers tips t‚Ä¶ https://t.co/NIxrK7s7yU
63,2020-06-19 21:33:01,1274092851438256131,"The latest CDC #COVIDView report shows that, after decreasing nationally during May and early June, the percentage‚Ä¶ https://t.co/CLUFOat1NZ"
64,2020-06-19 20:45:02,1274080773285597184,RT @CDC_Cancer: #BreastCancer risk doesn‚Äôt just come from your mom‚Äôs side of the family. Talking to your dad about his family history of ca‚Ä¶
65,2020-06-19 20:44:50,1274080722903543809,"RT @CDCEnvironment: To stay safe during a #tornado, prepare a plan &amp; an emergency kit, stay aware of weather conditions during #thunderstor‚Ä¶"
66,2020-06-19 20:01:02,1274069702537555969,Important safety measures for #parents:  Do not use plastic face shields for infants. Do not use cloth face coverin‚Ä¶ https://t.co/6pGGPhjaRG
67,2020-06-19 18:33:01,1274047552288182275,"Data analyses of some Atlanta #COVID19 patients found people who are older, Black, or have underlying conditions, s‚Ä¶ https://t.co/ROR0QeMP8S"
68,2020-06-19 17:38:00,1274033704545824775,"If you‚Äòre sick with #COVID19 &amp; your pet becomes sick, don‚Äôt take your pet to the veterinary clinic yourself. Call y‚Ä¶ https://t.co/6Nh77wscXh"
69,2020-06-19 16:01:03,1274009309395984384,Do you work in a clinical or public health laboratory? Learn how to use and work safely with a centrifuge with CDC‚Äô‚Ä¶ https://t.co/Y0NXBIcDrw
70,2020-06-19 15:37:02,1274003262136598528,What do you need to know about #COVID19 if you work with people with #disabilities in #GroupHomes? Learn more:‚Ä¶ https://t.co/3HSvYxJquB
71,2020-06-18 22:22:01,1273742794490855424,"As of June 15, forecasts suggest the number of #COVID19 deaths will continue to slow nationally with 129,000 to 145‚Ä¶ https://t.co/jXO87iZJak"
72,2020-06-18 22:11:01,1273740024408952834,"RT @CDC_Cancer: #LungCancer is the leading cause of cancer death, accounting for 24% of all cancer deaths in 2018. Get 20 years of data on‚Ä¶"
73,2020-06-18 20:55:14,1273720953571282957,"Data represented here shows that about 79% of hospitalized patients were black, while 13% of hospitalized patients‚Ä¶ https://t.co/GETz7zVnnb"
74,2020-06-18 19:57:02,1273706304767438848,HCPs: It‚Äôs important to have in-person newborn visits to assess health of mom and baby.  Talk with parents about th‚Ä¶ https://t.co/RwD5ymHWkZ
75,2020-06-18 19:25:02,1273698254165880835,"Protect yourself &amp; help reduce the spread of #COVID19 at events &amp; gatherings: wear a cloth face covering if able, w‚Ä¶ https://t.co/6YaYaeaBIj"
76,2020-06-18 16:54:03,1273660256955088896,DYK? 34 million adults in the United States smoke and are at risk of developing smoking-related diseases. Watch‚Ä¶ https://t.co/BRsZLNj5SV
77,2020-06-18 16:30:33,1273654345159061504,RT @CDCDirector: Hear from CDC staff and partners about the effect of the flagship Field Epidemiology Training Program in detecting and res‚Ä¶
78,2020-06-18 16:11:18,1273649497357369347,RT @CDCDirector: Great to have @SecAzar visit CDC this week to discuss our whole-of-government approach to #COVID19. @CDCgov has been and w‚Ä¶
79,2020-06-18 15:34:02,1273640122672730116,"Youth and summer camp administrators: CDC has the tools and information to help you protect campers, staff, &amp; commu‚Ä¶ https://t.co/pO4UvP4GJH"
80,2020-06-17 22:38:00,1273384428694355980,RT @CDCDirector: We must gear up for an additional potential challenge‚Äî both flu and #COVID19 could peak simultaneously and place a tremend‚Ä¶
81,2020-06-17 22:13:01,1273378138521841665,"RT @CDCObesity: DYK? Men are less likely than women to eat the recommended amount of fruit and vegetables.  For #MensHealthWeek, put your b‚Ä¶"
82,2020-06-17 21:50:02,1273372356241743879,"As of June 16, more than 2.1 million #COVID19 cases have been reported in the U.S., with 37 states and jurisdiction‚Ä¶ https://t.co/RP1iw1BlM8"
83,2020-06-17 20:45:01,1273355995801100300,"RT @HHSGov: Don‚Äôt be ü•µ during #ExtremeHeat. Staying cool, hydrated, and informed are the best ways to keep yourself safe in summer weather.‚Ä¶"
84,2020-06-17 19:44:01,1273340642752675845,RT @Surgeon_General: It's true what we were taught when we were kids...washing your hands is one of the best ways to prevent the spread of‚Ä¶
85,2020-06-17 17:04:48,1273300573832577024,CDC has information for groups at higher risk for serious outcomes from COVID-19 to stay as safe and healthy as pos‚Ä¶ https://t.co/RwbUUmptWY
86,2020-06-17 17:04:47,1273300572502966278,"Data analyses of Atlanta #COVID19 patients found people who are older, Black, or have underlying conditions, such a‚Ä¶ https://t.co/KGBOTxzZIv"
87,2020-06-17 16:23:03,1273290069198221312,"You can‚Äôt stop a tropical storm or #hurricane, but you can take steps now to protect yourself and your family. Lear‚Ä¶ https://t.co/EztDhLpfnO"
88,2020-06-17 15:31:02,1273276978972557314,"If you must travel, take these steps to protect yourself &amp; others from #COVID19 during your trip.‚Ä¶ https://t.co/jUrLfRe6en"
89,2020-06-17 13:51:01,1273251807486246914,"RT @CDCGlobal: Today CDC kicks off the #FETP40th Anniversary by sharing the story of a dedicated #DiseaseDetective, David Sugerman, and how‚Ä¶"
90,2020-06-17 12:55:01,1273237713886511105,"RT @CDCtravel: Thinking about traveling? Before you go, consider the following: 
‚Ä¢ Is COVID-19 spreading where you‚Äôre going? 
‚Ä¢ Is COVID-19‚Ä¶"
91,2020-06-17 00:31:00,1273050478494928896,"RT @CDCDirector: Protect yourself from #COVID19: Call-in prescriptions ahead of time and use drive-thru windows, curbside services, mail-or‚Ä¶"
92,2020-06-17 00:10:01,1273045198214516736,RT @CDC_Cancer: African American men have the highest rates of #LungCancer in the U.S. This #MensHealthWeek get tips on quitting smoking to‚Ä¶
93,2020-06-16 23:47:01,1273039409408024578,RT @CDCEnvironment: #Hurricane season is here and #ATSDR has tools to help public and environmental health professionals during a disaster‚Ä¶
94,2020-06-16 23:20:01,1273032614757257218,"RT @CDCemergency: While shopping for groceries and other household items, order online or over the phone if possible. Pick up curbside or a‚Ä¶"
95,2020-06-16 23:02:01,1273028082908217348,"RT @CDC_Cancer: #MensHealthWeek is a reminder for men to take steps to be healthier, but they don‚Äôt have to do it alone! Whether it‚Äôs your‚Ä¶"
96,2020-06-16 22:33:00,1273020782696939528,RT @CDCEnvironment: Do you live in an area that gets wildfire smoke each year? Find out what you can do to prepare for fire season:  https:‚Ä¶
97,2020-06-16 22:03:01,1273013235168485376,RT @CDCtravel: CDC continues to advise travelers to avoid all nonessential international travel. Travel increases your chances of getting a‚Ä¶
98,2020-06-16 21:16:01,1273001406534909954,"RT @CDCDirector: NEW #COVID19 information is available to help you decide whether to go out and what precautions to take if you do, includi‚Ä¶"
99,2020-06-16 20:18:02,1272986816803717121,"Everyone reacts differently to stressful situations like #COVID19. You may feel anxiousness, anger, sadness, or ove‚Ä¶ https://t.co/ZAEosFG00u"
100,2020-06-16 19:22:03,1272972727889154049,"Restaurants and Bars: Use CDC‚Äôs new tips, such as staggered shifts &amp; modified job duties for people at higher risk‚Ä¶ https://t.co/avqGHHc8DF"
101,2020-06-16 18:55:00,1272965918902177793,Take simple daily precautions to help prevent the spread of respiratory illnesses like #COVID19. Learn how to prote‚Ä¶ https://t.co/OVWA03KIY5
102,2020-06-16 17:35:02,1272945793952030722,"Practice social distancing by putting space between yourself and others. Continue to practice healthy habits, like‚Ä¶ https://t.co/32byXHJn6L"
103,2020-06-16 16:18:01,1272926414904463361,"Parents: During #COVID19, well-child visits are especially important for children under 2. Schedule your child‚Äôs ro‚Ä¶ https://t.co/hSnahfrVFA"
104,2020-06-16 15:32:02,1272914842094047232,#HCPs: Today at 2pm ET call in to COCA Call Topic: Applying COVID-19 Infection Prevention and Control Strategies in‚Ä¶ https://t.co/U8MV11Unbx
105,2020-06-16 15:14:03,1272910317849370625,RT @CDCemergency: Don‚Äôt open or respond to calls or texts from unknown caller. Scammers often spoof phone numbers to trick you into answeri‚Ä¶
106,2020-06-16 14:55:12,1272905572870959108,RT @CDCInjury: Help prevent sexual violence and its consequences by using prevention strategies that work. Learn more: https://t.co/al1hfLI‚Ä¶
107,2020-06-16 02:00:04,1272710505195614211,RT @CDCEnvironment: Preparing your emergency medicine supply for hurricane season? Limit in-person visits to the pharmacy. Sign up for mail‚Ä¶
108,2020-06-16 01:16:01,1272699416856670208,"RT @fema: If you are struggling with stress or mental health concerns due to #COVID19 or after a disaster, there is help available.

The @d‚Ä¶"
109,2020-06-15 23:52:00,1272678275932999680,"RT @HHSGov: It‚Äôs #AlzheimersAwarenessMonth so if you see these signs of #Alzheimers, take action. Early treatment offers a chance to enjoy‚Ä¶"
110,2020-06-15 23:31:00,1272672990614994944,RT @CDCemergency: Protect yourself from scam artists &amp; fraudsters. Hover over the link (hold the mouse cursor) in an email to see the actua‚Ä¶
111,2020-06-15 23:00:06,1272665211951034368,"RT @CDCDirector: #DYK? Taking breaks from news stories and social media, taking care of your body, and connecting with loved ones are great‚Ä¶"
112,2020-06-15 20:30:04,1272627457816956931,"#HCPs: COCA Call on Tuesday, June 16th, at 2pm ET can also be found on Zoom. Topic: Applying COVID-19 Infection Pre‚Ä¶ https://t.co/vRGv4WG77j"
113,2020-06-15 19:40:02,1272614866814210049,"CDC offers tips to #restaurants and bars on ways to protect employees, customers, &amp; communities and slow the spread‚Ä¶ https://t.co/GhjSSemBp3"
114,2020-06-15 18:46:01,1272601272550555654,"As states and localities move to resume civic life, their school systems determine whether, when, and how to open.‚Ä¶ https://t.co/BqE1Z1qRW1"
115,2020-06-15 17:05:37,1272576006528946180,"New @CDCMMWR: Among people with COVID-19, hospitalizations were 6 times higher and deaths 12 times higher among tho‚Ä¶ https://t.co/WPVdQWpllE"
116,2020-06-15 16:32:02,1272567552078761984,"While the number of #COVID19 cases is cumulative and continues to increase in the US, the latest CDC #COVIDView rep‚Ä¶ https://t.co/tphGDZ5cqL"
117,2020-06-15 15:50:05,1272556997909626882,"HCPs: During the #COVID19 pandemic, prioritize in-person visits for newborns &amp; children under the age of 2. Learn m‚Ä¶ https://t.co/j8UJrm8MHV"
118,2020-06-15 15:30:00,1272551942741360641,Everyone has a role to play to reduce and slow transmission of #COVID19. Social distancing is one way to prevent th‚Ä¶ https://t.co/9XIZYOzQtY
119,2020-06-14 16:00:22,1272197194729299968,"While shopping for groceries and other household items, order online or over the phone if possible. Pick up curbsid‚Ä¶ https://t.co/aFXY2jDKEK"
120,2020-06-13 19:06:02,1271881534098857984,#Hurricane season is June 1 through November 30. Learn what steps you can take now to be prepared and protect yours‚Ä¶ https://t.co/PuWZ3kENXI
121,2020-06-13 15:00:23,1271819710905167877,"If you are a new or expectant mother, know the signs and symptoms of postpartum depression and when to seek help. T‚Ä¶ https://t.co/XXFoHi5Q9x"
122,2020-06-12 21:45:03,1271559161583714305,"The latest CDC #COVIDView report shows that, after declining for several weeks, the percentage of people testing po‚Ä¶ https://t.co/5xo9L5KP9l"
123,2020-06-12 21:00:00,1271547824400990211,The coming weeks could see a possible increase of #COVID19 cases as states reopen. It‚Äôs too soon to tell if this wi‚Ä¶ https://t.co/u9vYrtqqF4
124,2020-06-12 20:03:02,1271533487665881088,#Employers: Antibody tests for #COVID19 should not be used to determine if someone can return to work. There is not‚Ä¶ https://t.co/1fYMKy17Es
125,2020-06-12 19:01:10,1271517920087212032,"RT @CDCFlu: What flu vaccines will be available for the 2020-21 flu season?  Can I have flu and COVID-19 at the same time? 

Get these ques‚Ä¶"
126,2020-06-12 18:35:02,1271511344785821697,It‚Äôs time to slow the spread of #COVID19. Health departments: communicate the importance of contact tracing with yo‚Ä¶ https://t.co/Rmld2Aqv3X
127,2020-06-12 18:04:11,1271503579191414785,"RT @CDCtravel: If you travel, follow state and local travel guidance and restrictions. For up-to-date information, check the state or local‚Ä¶"
128,2020-06-12 17:45:04,1271498768274382848,"As of June 8, forecasts suggest the total number of #COVID19 deaths will exceed 124,000 by July 4. Additionally, 6‚Ä¶ https://t.co/F9VBYhOMTj"
129,2020-06-12 17:06:37,1271489092577099777,"A May survey of public attitudes, behaviors, &amp; beliefs regarding #COVID19 recommendations found widespread support‚Ä¶ https://t.co/C3KJ0cPaTn"
130,2020-06-12 16:20:18,1271477435318652929,"RT @CDCEnvironment: No one knows what causes ALS, but you can make a difference in ALS research. The National ALS Registry contributes to a‚Ä¶"
131,2020-06-12 15:41:00,1271467545586020354,CDC recommends using an EPA-registered household disinfectant to protect against the virus that causes #COVID19. Vi‚Ä¶ https://t.co/uVU2LxL0CC
132,2020-06-12 12:49:19,1271424339418722305,RT @CDCemergency: Do you know a new or expectant parent? Reach out and offer support during #COVID19 while maintaining social distance. Fin‚Ä¶
133,2020-06-11 23:58:00,1271230234759770118,RT @Surgeon_General: #DYK: Washing your hands is one of the best ways to help stop the spread of #COVID19. Here are 5‚É£ things to know about‚Ä¶
134,2020-06-11 23:00:11,1271215680831000576,RT @CDCDirector: .@theNCI issued two requests for applications (RFAs) for its Serological Sciences Network #COVID19 projects. Join the pre-‚Ä¶
135,2020-06-11 22:03:00,1271201294196367361,"RT @HHSGov: #Depression, #Anxiety, and #Schizophrenia are three of the most-searched mental health conditions online. Learn how to spot sig‚Ä¶"
136,2020-06-11 20:40:02,1271180413134876672,Scientists do not know if having antibodies to the virus that causes #COVID19 can protect someone from getting infe‚Ä¶ https://t.co/H9ZTltEqjs
137,2020-06-11 19:51:03,1271168085567967236,"Office building employers, building owners and managers, and building operations specialists can create a #COVID19‚Ä¶ https://t.co/9E8kqjQPBD"
138,2020-06-11 19:00:55,1271155467629273089,RT @CDCDirector: #Pediatric providers may see an increase of well-child visits as states reopen. Prepare your practice for well-child visit‚Ä¶
139,2020-06-11 16:42:02,1271120516267552770,"#Parents, you can help protect your child against 14 vaccine-preventable diseases by keeping them on track with rec‚Ä¶ https://t.co/eLxpDhvQS7"
140,2020-06-11 15:40:02,1271104916195553283,#Dental #HCP: CDC has updated guidance for resuming non-emergency dental care. Read more here:‚Ä¶ https://t.co/PBsptAKPv9
141,2020-06-11 14:06:01,1271081255745073163,RT @Surgeon_General: Do you have questions about #COVID19? Find answers to commonly asked questions at https://t.co/68gjnc3RSl. https://t.c‚Ä¶
142,2020-06-10 23:17:01,1270857529183043589,"RT @CDCemergency: Practice social distancing by putting space between yourself and others. Continue to practice healthy habits, like washin‚Ä¶"
143,2020-06-10 22:44:00,1270849223840485376,RT @CDCEnvironment: Temperature rising in your area? Stay cool in extreme heat. Here‚Äôs how: https://t.co/mryNO5jUYv https://t.co/kbQJUzbxv4
144,2020-06-10 22:16:01,1270842179288735744,"RT @CDCtravel: If you travel, be aware that some businesses may be closed. Anticipate your needs: 
‚Ä¢ Bring enough of your meds to last the‚Ä¶"
145,2020-06-10 21:38:36,1270832763256680451,"As of June 9: Almost 2 million #COVID19 cases have been reported in the U.S., with 37 states and jurisdictions repo‚Ä¶ https://t.co/EgZ9iqxQdS"
146,2020-06-10 20:21:02,1270813242504380416,CDC offers general considerations to help communities of faith decide how best to practice their beliefs while slow‚Ä¶ https://t.co/SZXTl5LI66
147,2020-06-10 20:07:03,1270809723546337280,RT @Surgeon_General: Are your kids itching to get back in the game? Check out @CDCgov‚Äôs tips for youth sports organizations on ways to prot‚Ä¶
148,2020-06-10 19:18:04,1270797399099944960,"RT @DrKhabbazCDC: In a new study, @CDCgov pathologists found that the virus that causes #COVID19 lodges itself deep in the lungs and also a‚Ä¶"
149,2020-06-10 17:20:02,1270767694745387011,Do you know a new or expectant parent? Reach out and offer support during #COVID19 while maintaining social distanc‚Ä¶ https://t.co/GiPVVW57gA
150,2020-06-10 16:05:05,1270748831060307969,Hotel Owners: Reopening a building after a prolonged shutdown or reduced occupancy can increase the risk for growth‚Ä¶ https://t.co/zrx4dKGnRI
151,2020-06-10 15:20:02,1270737494779334657,"‚Äú‚Ä¶For every data point, there is a human story. And for every story, there are many unsung heroes that we never hea‚Ä¶ https://t.co/uIYZbOMp4I"
152,2020-06-10 13:47:01,1270714085177544705,"RT @CDC_HIVAIDS: Ending #HIV starts with knowing your status. This #HIVTestingDay, learn about self-test options:  https://t.co/1VjwVbyUkG‚Ä¶"
153,2020-06-10 13:15:03,1270706041710415874,RT @CDCInjury: Falls and fall injuries are not an inevitable part of aging. Learn how you can help prevent future falls. https://t.co/GqXBw‚Ä¶
154,2020-06-10 12:59:01,1270702004529172482,"RT @CDCtravel: If you travel, protect yourself &amp; others from #COVID19 during your trip:
‚Ä¢ Clean your hands often.
‚Ä¢ Avoid close contact w/‚Ä¶"
155,2020-06-09 23:58:00,1270505458856595456,RT @CDCDirector: Emergency department data collected by @CDCgov surveillance networks indicate some patients may be delaying emergency care‚Ä¶
156,2020-06-09 23:15:02,1270494642505736193,RT @CDCemergency: It‚Äôs natural to experience many emotions during #COVID19. Getting help can assist you in finding ways to cope with these‚Ä¶
157,2020-06-09 22:55:02,1270489610293063685,RT @CDCEnvironment: Healthcare professionals: Find information on a toxic substance and its health effects at ATSDR‚Äôs Toxic Substance Porta‚Ä¶
158,2020-06-09 22:22:00,1270481299636137985,"RT @Surgeon_General: DYK: #COVID19 can present in a variety of ways, including:

Fever/ chills
Cough
Shortness of breath
Fatigue
Muscle/ bo‚Ä¶"
159,2020-06-09 21:30:05,1270468232709836801,"RT @HHSGov: If you have a health concern, don‚Äôt ignore it. Call a doctor to see if they‚Äôre offering #Telehealth/#telemedicine. Even if they‚Ä¶"
160,2020-06-09 21:17:01,1270464946036408320,"RT @CDCDirector: With #COVID19, people have taken measures to protect the vulnerable like wearing cloth face coverings and social distancin‚Ä¶"
161,2020-06-09 20:01:02,1270445821478256640,"Frontline staff in long-term care facilities are taking action to protect residents, families and fellow staff from‚Ä¶ https://t.co/BxTmXdALJR"
162,2020-06-09 19:15:04,1270434252765659139,"While the percentage of certified deaths related to #COVID19 is still above the epidemic threshold, it is now simil‚Ä¶ https://t.co/ltb3uwDqVc"
163,2020-06-09 19:15:03,1270434251427786753,The latest CDC #COVIDView report shows that the proportion of death certificates coded as being related to #COVID19‚Ä¶ https://t.co/hkaVCpOyKZ
164,2020-06-09 17:05:23,1270401616827559937,"Among young adult U.S. service members on an aircraft carrier tested during a #COVID19 outbreak, nearly 1 out of 5‚Ä¶ https://t.co/cndRhr9SVf"
165,2020-06-09 16:20:02,1270390206269661187,"Practice social distancing by putting space between yourself and others. Continue to practice healthy habits, like‚Ä¶ https://t.co/XRvhe4I808"
166,2020-06-09 01:13:01,1270161946059378689,"RT @CDCtravel: CDC advises against nonessential international travel. If you travel, know that your plans may be disrupted &amp; your return to‚Ä¶"
167,2020-06-09 00:09:00,1270145839219068933,RT @CDCInjury: How do social norms impact you &amp; those around you every day? Learn how social norms shape our lives &amp; how to shift them to p‚Ä¶
168,2020-06-08 23:48:00,1270140554685317120,RT @HHSGov: Floodwater from #Cristobal can contain anything from sewage and sharp objects to downed power lines. Stay away from floodwaters‚Ä¶
169,2020-06-08 23:33:00,1270136779098722305,"RT @CDCEnvironment: Wear rubber boots, rubber gloves, and goggles during cleanup of #flood affected area. https://t.co/WogzzGslJM #Cristoba‚Ä¶"
170,2020-06-08 22:45:02,1270124705937264642,"RT @CDCDirector: As @CDCgov‚Äôs Dr. Butler told @TIME, by understanding more about the dynamics of the spread of #COVID19 in the community we‚Ä¶"
171,2020-06-08 20:15:03,1270086961202634754,RT @NIH: News: Study identifies potential approach to treat severe respiratory distress in patients with COVID-19 https://t.co/pRHATLdqy4
172,2020-06-08 19:45:03,1270079411841372162,Caring for someone living with #Alzheimer‚Äôs disease or another type of #dementia? Take additional steps to protect‚Ä¶ https://t.co/HBLa8H2PVe
173,2020-06-08 19:22:01,1270073613941694465,RT @CDCEnvironment: Learn more about safe cleanup of #flood affected areas: https://t.co/mqYy2TSYYW #Cristobal https://t.co/BAwbwC1KfY
174,2020-06-08 18:41:01,1270063298642411521,"Rebecca C. knew smoking wasn‚Äôt good for her, but she never imagined it would lead to having five of her toes remove‚Ä¶ https://t.co/zJW6sUb9eU"
175,2020-06-08 17:05:03,1270039145382019073,"New @CDCMMWR highlights first cases of COVID-19 in U.S. household pets, which occurred in two pet cats in NY. Altho‚Ä¶ https://t.co/e7ieK3Onxt"
176,2020-06-08 16:15:06,1270026578286829573,"Social distancing is the best way to slow the spread of #COVID19, but it may make new &amp; expecting parents feel stre‚Ä¶ https://t.co/CItKjg6WiY"
177,2020-06-07 20:14:01,1269724314930159616,It‚Äôs natural to experience many emotions during #COVID19. Getting help can assist you in finding ways to cope with‚Ä¶ https://t.co/tALNFZhi8o
178,2020-06-07 17:36:00,1269684546875740163,"Turn around, don‚Äôt drown! Avoid driving through flooded areas and standing #flood water. https://t.co/BIB4rh3nTb‚Ä¶ https://t.co/SicuBoaHxF"
179,2020-06-07 16:26:01,1269666936868257793,"CDC offers tips to Youth Sports Organizations on ways to protect players, families, &amp; communities and slow the spre‚Ä¶ https://t.co/vT96O4uvez"
180,2020-06-06 19:28:01,1269350350424870913,"CDC thanks all nursing home staff. You are #healthheroes, comforting residents and keeping communities safe from‚Ä¶ https://t.co/PPlz0fZZEQ"
181,2020-06-06 18:43:27,1269339136122642433,RT @CDCemergency: Planning for hurricane season this year may be different this year. Know how to prepare for hurricane season during the #‚Ä¶
182,2020-06-06 17:01:02,1269313358748057601,"Geri smoked for 35 years. Now, she is living with COPD caused by smoking and hopes she will be accepted for a lung‚Ä¶ https://t.co/6YpHwpP8Hh"
183,2020-06-06 15:14:00,1269286423514853377,"Are you in an area affected by a #flood? Be aware that standing flood waters can also spread infectious diseases, b‚Ä¶ https://t.co/PbcG1su9H3"
184,2020-06-05 22:38:01,1269035778790866944,"The latest CDC #COVIDView report shows that nationally, the percentage of ppl testing positive for #COVID19 decreas‚Ä¶ https://t.co/eHkvPOajN8"
185,2020-06-05 22:26:00,1269032753997250564,"RT @CDC_Cancer: Medicine, medical equipment, and specialized medical care ‚Äì cancer survivors have a lot to consider in an emergency like a‚Ä¶"
186,2020-06-05 21:38:01,1269020676503068675,"RT @CDCEnvironment: Throw away food that may have touched flood or storm water. When in doubt, throw it out! Learn more: https://t.co/QEGv5‚Ä¶"
187,2020-06-05 20:10:00,1268998526433767424,"You asked: Can I get #COVID19 from food, including delivery or restaurant takeout? Learn more:‚Ä¶ https://t.co/efWGKh2Pz0"
188,2020-06-05 20:02:01,1268996519870464000,RT @CDC_eHealth: CDC leads a new national genomics consortium to help coordinate SARS-CoV-2 sequencing in laboratories across the United St‚Ä¶
189,2020-06-05 18:40:02,1268975886721789952,"Youth sports organizations: As you resume activities, have you planned what to do if a player, visitor or coach get‚Ä¶ https://t.co/q8nI5YNcPr"
190,2020-06-05 17:33:02,1268959025850470403,"Preparing for hurricane season? To avoid exposure to #COVID19, try home delivery services to buy your disaster supp‚Ä¶ https://t.co/PuEhYq06Id"
191,2020-06-05 17:05:14,1268952028149137411,"About one in three adults used household cleaners and disinfectants unsafely to prevent #COVID19, such as using ble‚Ä¶ https://t.co/FOrv9RZBkV"
192,2020-06-05 16:24:01,1268941659011768320,Supporting healthcare providers and patients during &amp; after the #COVID19 pandemic is a CDC priority. A new framewor‚Ä¶ https://t.co/hnSvUp3Cjw
193,2020-06-05 15:44:01,1268931592740880384,"From the lab bench to the stage, Laboratory Leadership Service (LLS) fellows share stories about their outbreak inv‚Ä¶ https://t.co/F0f7Qse5i2"
194,2020-06-05 15:14:55,1268924267757961217,It‚Äôs not safe to put a face covering on your pet or use disinfectants not meant for animals. The risk of animals sp‚Ä¶ https://t.co/biC5g7IWOJ
195,2020-06-05 13:20:01,1268895352020762625,"RT @CDC_HIVAIDS: Nat'l #HIVTestingDay is 6/27. This year‚Äôs theme is about the power of ‚ÄúKnowing‚Äù‚Äîknowing your #HIV status, risk, &amp; preventi‚Ä¶"
196,2020-06-05 12:19:00,1268879997844033538,"RT @CDCemergency: Providing care to others during #COVID19 can lead to stress, anxiety, fear, &amp; other strong emotions. @CDCgov has tips to‚Ä¶"
197,2020-06-04 23:45:01,1268690251305934849,"RT @NIOSH: Office building employers, building owners and managers, and building operations specialists can create a #COVID19 workplace hea‚Ä¶"
198,2020-06-04 22:31:00,1268671624414445569,RT @CDCInjury: Providers: #Opioid overdose deaths were 6x higher in 2018 than in 1999. Talk with your patients about how to prevent overdos‚Ä¶
199,2020-06-04 22:12:16,1268666909110800384,"This week, CDC received 20 models to forecast possible #COVID19 deaths in the US. As of June 1, the combined foreca‚Ä¶ https://t.co/8BNlHM3QXE"
